,,,,,,,,,,,,,,,,,,,,,,,,,,,,,,,,,,,,,,,,,,,,,,,,,,,,,,,,,,,,,,,,,,,,,,,,,,,,,,,,,,,,,,,,,,,,,,,,,,,,,,,,,,,,,,,,,,,,,,,,,,,,,,,,,,,,,,,,,,,,,,,,,,,,,,,,,,,,,,PHEV,,,,,,,,,,,,,,,,
,,,,,,,,,,,,,,,,,,,,,,,,,,,,,,,,,,,,,,,,,,,,,,,,,,,,,,,,,,,,,,,,,,,,,,,,,,,,,,,,,,,,,,,,,,,,,,,,,,,,,,,,,,,,,,,,,,,,,,,,,,,,,,,,,,,,,,,,,,,,,,,,,,,,,,,,,,,,,,Total ,,,,New fields added by D. Good,,,,,,,,,,,,
Model Type Information,,,,,,,,,Charge Sustaining Information  (Gasoline Operation),,,,,,,,,,,,,,,,,,,,,,,,,,,Vehicle Information,,,,,,,,Ann Fuel Cost,,Charge Depleting Information (Electricity Operation),,,,,,,,,,,,,,,,,,,General Information,,,,,,,,, ,"General Hybrid Vehicle Information - Engine, Motor/Generator, Battery Information, etc.                                                                                                                                                                                                                                                                                                                               General Hybrid Vehicle Information - Engine, Motor/Generator, Battery Information, etc.",,,,,,,,,,,,,,,,,,,,,,,,,,,,,,,,,,,,,,,,,,,,,,,,,,,,,,,,FE & GHG Ratings,,,#1 Smog Rating Test Group,,,,#2 Smog Rating Test Group,,,,#3 Smog Rating Test Group,,,,#4 Smog Rating Test Group,,,,You Save/You Spend,,Gasoline Adjusted CO2,,,PHEV,Battery Charge Time,,Range,PHEV Composite  MPGe,,,Composite CO2,,,Charge Depleting Driving Range,,,Individual Utility Factors (Rcda MDIUFs),,,PHEV Charge Depleting Fuel Consumption,,,Fuel Tank
Model Yr  (gold fill means release date is after today's date),Mfr Name,Division,Carline,Verify Mfr Cd,Index (Model Type Index),Eng Displ,# Cyl,Transmission,City FE (Guide) - Conventional Fuel,Hwy FE (Guide) - Conventional Fuel,Comb FE (Guide) - Conventional Fuel,City Unadj FE - Conventional Fuel,Hwy Unadj FE - Conventional Fuel,Comb Unadj FE - Conventional Fuel,City Unrd Adj FE - Conventional Fuel,Hwy Unrd Adj FE - Conventional Fuel,Comb Unrd Adj FE - Conventional Fuel,Guzzler? ,Air Aspir Method,Air Aspiration Method Desc,Trans,Trans Desc,"Trans, Other",# Gears,Trans Lockup,Trans Creeper Gear,Drive Sys,Drive Desc,Max Ethanol % - Gasoline,Max Biodiesel %,Range1 - Model Type Driving Range - Conventional Fuel,Fuel Usage  - Conventional Fuel,Fuel Usage Desc - Conventional Fuel,Fuel Unit - Conventional Fuel,Fuel Unit Desc - Conventional Fuel,Gas Guzzler Exempt (Where Truck = 1975 NHTSA truck definition),Gas Guzzler Exempt Desc (Where Truck = 1975 NHTSA truck definition),2Dr Pass Vol,2Dr Lugg Vol,4Dr Pass Vol,4Dr Lugg Vol,Htchbk Pass Vol,Htchbk Lugg Vol,Annual Fuel1 Cost - Conventional Fuel,EPA Calculated Annual Fuel Cost - Conventional Fuel -----  Annual fuel cost error. Please revise Verify. ,City2 FE (Guide) - Alternative Fuel,Hwy2 Fuel FE (Guide) - Alternative Fuel,Comb2 Fuel FE (Guide) - Alternative Fuel,City2 Unadj FE - Alternative Fuel,Hwy2 Unadj FE - Alternative Fuel,Comb2 Unadj FE - Alternative Fuel,City2 Unrd Adj FE - Alternative Fuel,Hwy2 Unrd Adj FE - Alternative Fuel,Cmb2 Unrd Adj FE - Alternative Fuel, Range2 - Alt Fuel Model Typ Driving Range - Alternative Fuel, Fuel2 Usage - Alternative Fuel, Fuel2 Usage Desc - Alternative Fuel,Fuel2 Unit - Alternative Fuel,Fuel2 Unit Desc - Alternative Fuel,Fuel2 Annual Fuel Cost - Alternative Fuel,City CO2 Rounded Adjusted,Hwy CO2 Rounded Adjusted,Comb CO2 Rounded Adjusted,Fuel2 EPA Calculated Annual Fuel Cost - Alternative Fuel,Descriptor - Model Type (40 Char or less),Intake Valves Per Cyl,Exhaust Valves Per Cyl,Carline Class,Carline Class Desc,Car/Truck Category - Cash for Clunkers Bill.,Calc Approach Desc,Release Date (gold fill means release date is after today's date),EPA FE Label Dataset ID, ,Unique Label?,Label Recalc?,Relabel,Relabel Desc,Suppressed?,Police/Emerg?,Comments - Mfr Eng Cnfg,Cyl Deact?,Cyl Deact Desc,Var Valve Timing?,Var Valve Timing Desc,Var Valve Lift?,Var Valve Lift Desc,Energy Storage Device Desc,"Energy Storage Device,If Other",# Batteries,Battery Type Desc,"Battery Type, If Other",Total Voltage for Battery Pack(s),Batt Energy Capacity (Amp-hrs),Batt Specific Energy (Watt-hr/kg),Batt Charger Type Desc,Comments,# Capacitors,Regen Braking Type Desc,"Regen Braking Type, If Other","Regen Braking Wheels Source (Front, Rear, Both)",Driver Cntrl Regen Braking?,Fuel Cell Desc,Usable H2 Fill Capacity (kg),Fuel Cell Onboard H2 Capacity (kg),HEV-EV Comments,# Drive Motor Gen,Motor Gen Type Desc,"Motor Gen Type, If Other",Rated Motor Gen Power (kW),Fuel Metering Type 1 Desc,Fuel Metering Type 2 Desc,Fuel Metering Sys Cd,Fuel Metering Sys Desc,Fuel Cell Vehicle (Y or N),Off Board Charge Capable (Y or N),Camless Valvetrain (Y or N),Oil Viscosity,Stop/Start System (Engine Management System) Code,Stop/Start System (Engine Management System)  Description,Model Type Desc (MFR entered),Charge Depleting Calc Appr Code (PHEVs only),Charge Depleting Calc Appr Desc  (PHEVs only),Charge Sustaining Calc Appr Code  (PHEVs only),Charge Sustaining Calc Appr Desc  (PHEVs only),EPA Calculated Annual Fuel Cost,EPA Calculated Gas Guzzler MPG,MFR Calculated Gas Guzzler MPG ,EPA Calculated Gas Guzzler Indicator (Y or N), ,FE Rating (1-10 rating on Label),GHG Rating (1-10 rating on Label),GHG 1-10 rating on Ethanol (EPA Determined),#1 Smog Rating Test Group,#1 Mfr Smog Rating (Mfr Smog 1-10 Rating on Label for Test Group 1),#1 EPA Smog Rating (EPA Smog 1-10 Rating on Label for Test Group 1),SmartWay1 (EPA-derived SmartWay rating for Test Group 1),#2 Smog Rating Test Group,#2 Mfr Smog Rating (Mfr Smog 1-10 Rating on Label for Test Group 2),#2 EPA Smog Rating (EPA Smog 1-10 Rating on Label for Test Group 2),SmartWay2 (EPA-derived SmartWay rating for Test Group 2),#3 Smog Rating Test Group,#3 Mfr Smog Rating (Mfr Smog 1-10 Rating on Label for Test Group 3),#3 EPA Smog Rating (EPA Smog 1-10 Rating on Label for Test Group 3),SmartWay3 (EPA-derived SmartWay rating for Test Group 3),#4 Smog Rating Test Group,#4 Mfr Smog Rating (Mfr Smog 1-10 Rating on Label for Test Group 4),#4 EPA Smog Rating (EPA Smog 1-10 Rating on Label for Test Group 4),SmartWay4 (EPA-derived SmartWay rating for Test Group 4),$ You Save over 5 years (amount saved in fuel costs over 5 years - on label) ,$ You Spend over 5 years (increased amount spent in fuel costs over 5 years - on label) ,City CO2 Rounded Adjusted,Hwy CO2 Rounded Adjusted,Comb CO2 Rounded Adjusted (as shown on FE Label),CO2-PHEV Composite Rounded Adjusted Combined CO2,240V Charge Time at 240 volts (hours),120V Charge time at 120 Volts (hours),PHEV Total Driving Range (rounded to nearest 10 miles)DISTANCE,City PHEV Composite MPGe,Hwy PHEV Composite MPGe,Comb PHEV Composite MPGe,City CO2-PHEV Composite Rounded Adjusted Combined CO2,Hwy CO2-PHEV Composite Rounded Adjusted Combined CO2,CO2-PHEV Composite Rounded Adjusted Combined CO2,City Range on Electricity (miles),Hwy Range on Electricity (miles),Comb Range on Electricity as shown on FE Label (miles),City Utility Factor (MDIUF),Hwy Utility Factor (MDIUF),Comb Utility Factor (MDIUF),City (gal/100 mi),Hwy (gal/100 mi),Combined (gal/100 mi) as listed on blended PHEV labels,Size (gal)
,,,,,(Not Confidential),,,,,,,,,,,,,,,,,,,,,,,,,,,,,,,,,,,,,,,,,,,,,,,,,,,,,,,,,,,,,,,,,,,,,,,,,,,,,,,,,,,,,,,,,,,,,,,,,,,,,,,,,,,,,,,,,,,,,,,,,,,,,,,,,,,,,,,,,,,,,,,,,,,,,,,,,,,,,,,,,,,,,,,,,
,,,,,,,,,,,,2024 Bentley Flying Spur Hybrid,,,,,,,,,,,,,,,,,2024 Bentley Flying Spur Hybrid,,,,,,,,,,,,,,,,2024 Bentley Flying Spur Hybrid,,,,,,,,,,,,,,,2024 Bentley Flying Spur Hybrid,,,,,,,,,,,,,,,,2024 Bentley Flying Spur Hybrid,,,,,,,,,,,,,,,,2024 Bentley Flying Spur Hybrid,,,,,,,,,,,,,,,,,2024 Bentley Flying Spur Hybrid,,,,,,,,,,,,,,,,,2024 Bentley Flying Spur Hybrid,,,,,,,,,,,,,, ,2024 Bentley Flying Spur Hybrid,,,,,,,,,,,,,,,2024 Bentley Flying Spur Hybrid,,,,,,,,,,,,2024 Bentley Flying Spur Hybrid,,,,,,
2024,Volkswagen Group of,Bentley,Flying Spur Hybrid,VGA,400,2.9,6,Auto(AM-S8),17,22,19,21.5,30.5,24.7921,17.2268,21.9137,19.0614,,TC,Turbocharged,AMS,Automated Manual- Selectable (e.g. Automated Manual with paddles),,8,Y,N,A,All Wheel Drive,15,,406,GP,Gasoline (Premium Unleaded Recommended),MPG,miles per gallon,N,Not exempt,102,13,,,,,2550,2550,43,50,46,60,70.8,64.4222,43.3334,49.5956,45.9439,21,EL,Electricity,KW-HR/100Miles,kilowatt-hour per 100 miles,,,,,,SIDI; PHEV; ,2,2,5,Midsize Cars,car,Plug-in Hybrid Label,10/20/2023,33977,,N,N,,,N,N,Applies to DGPF var: 0,N,,N,VarioCam Plus system,N,,Battery(s),,8,Lithium Ion,,374,48,137,On-Board,,,Electrical Regen Brake,,Both,Y,,,,,1,AC Induction,,103,,,GDI,Spark Ignition Direct Injection,N,Y,N,0W30 VW50200 / VW50400,Y,Yes,,CD-2C,Charge Depleting 2-cycle,CS-2C,Charge Sustaining 2-cycle,,,25,,,5,7,,RVGAV02.9P7P,5,,,,,,,,,,,,,,,,3000,518,406,468,251,3,,430,24,30,26,284.6,209.8,251,20.18,22.21,21,0.46,0.489,0.473,,,,21.0
2024,"Blended PHEV; tested in default ""Drive-mode” and the normal default ""Hybrid"" mode (not the Hold or EV modes)",,,,,,,,17,22,19,21.5,30.5,24.7921,17.2268,21.9137,19.0614,,TC,Turbocharged,AMS,Automated Manual- Selectable (e.g. Automated Manual with paddles),,8,Y,N,A,All Wheel Drive,15,,406,GP,Gasoline (Premium Unleaded Recommended),MPG,miles per gallon,N,Not exempt,102,13,,,,,2550,2550,79,68,74,56.1,47.6,52.275,78.656,68.058,73.8869,21,EL,Electricity,MPG,miles per gallon,,,,,,SIDI; PHEV; ,2,2,5,Midsize Cars,car,Plug-in Hybrid Label,10/20/2023,33977,,N,N,,,N,N,Applies to DGPF var: 0,N,,N,VarioCam Plus system,N,,Battery(s),,8,Lithium Ion,,374,48,137,On-Board,,,Electrical Regen Brake,,Both,Y,,,,,1,AC Induction,,103,,,GDI,Spark Ignition Direct Injection,N,Y,N,0W30 VW50200 / VW50400,Y,Yes,,CD-2C,Charge Depleting 2-cycle,CS-2C,Charge Sustaining 2-cycle,,,25,,,5,7,,RVGAV02.9P7P,5,,,,,,,,,,,,,,,,3000,0,0,0,251,3,,430,24,30,26,284.6,209.8,251,All Electric Range = 0-21 miles (combined),,,0.46,0.489,0.473,0,0,0,21.0
,,,,,,,,,,,,2024 BMW 330e Sedan,,,,,,,,,,,,,,,,,2024 BMW 330e Sedan,,,,,,,,,,,,,,,,2024 BMW 330e Sedan,,,,,,,,,,,,,,,2024 BMW 330e Sedan,,,,,,,,,,,,,,,,2024 BMW 330e Sedan,,,,,,,,,,,,,,,,2024 BMW 330e Sedan,,,,,,,,,,,,,,,,,2024 BMW 330e Sedan,,,,,,,,,,,,,,,,,2024 BMW 330e Sedan,,,,,,,,,,,,,, ,2024 BMW 330e Sedan,,,,,,,,,,,,,,,2024 BMW 330e Sedan,,,,,,,,,,,,2024 BMW 330e Sedan,,,,,,
2024,BMW,BMW,330e Sedan,BMX,320,2.0,4,Auto(S8),24,32,27,34.8,46,39.082,23.7966,31.9159,26.873,,TC,Turbocharged,SA,Semi-Automatic,,8,N,N,R,"2-Wheel Drive, Rear",10,,291,GP,Gasoline (Premium Unleaded Recommended),MPG,miles per gallon,N,Not exempt,,,94,9,,,1700,1700,49,45,48,37,31.6,34.57,49.485,45.138,47.5288,22,EL,Electricity,KW-HR/100Miles,kilowatt-hour per 100 miles,50,,,,,SIDI; PHEV; ,2,2,4,Compact Cars,car,Plug-in Hybrid Label,6/16/2023,33142,,Y,N,,,N,N,,N,,Y,variable valve timing at inlet and outlet valves,Y,variable valve lift at inlet valves,Battery(s),,6,Lithium Ion,,354,34,101.3,On-Board,,,Electrical Regen Brake,,Both,N,,,,permanent magnet synchronous machine (PMSM),1,Other,(PMSM),80,,,GDI,Spark Ignition Direct Injection,N,Y,N,0W20,Y,Yes,,CD-2C,Charge Depleting 2-cycle,CS-5C,Charge Sustaining 5-cycle,,,39.3,,,7,8,,RBMXJ02.0H30,7,,,,,,,,,,,,,,,1250,,330,276,306,158,3,,310,35,45,39,173.3,139.3,158,20.81,21.74,21,0.478,0.504,0.49,0,0,0,10.6
2024,BMW,BMW,330e Sedan,BMX,320,2,4,Auto(S8),24,32,27,34.8,46,39.082,23.7966,31.9159,26.873,,TC,Turbocharged,SA,Semi-Automatic,,8,N,N,R,"2-Wheel Drive, Rear",10,,291,GP,Gasoline (Premium Unleaded Recommended),MPG,miles per gallon,N,Not exempt,,,94,9,,,1700,1700,69,78,73,98.1,111,103.5135,68.798,77.7106,72.5419,22,EL,Electricity,MPG,miles per gallon,50,,,,,SIDI; PHEV; ,2,2,4,Compact Cars,car,Plug-in Hybrid Label,6/16/2023,33142,,Y,N,,,N,N,,N,,Y,variable valve timing at inlet and outlet valves,Y,variable valve lift at inlet valves,Battery(s),,6,Lithium Ion,,354,34,101.3,On-Board,,,Electrical Regen Brake,,Both,N,,,,permanent magnet synchronous machine (PMSM),1,Other,(PMSM),80,,,GDI,Spark Ignition Direct Injection,N,Y,N,0W20,Y,Yes,,CD-2C,Charge Depleting 2-cycle,CS-5C,Charge Sustaining 5-cycle,,,39.3,,,7,8,10,RBMXJ02.0H30,7,,,,,,,,,,,,,,,1250,,330,276,306,158,3,,310,35,45,39,173.3,139.3,158,All Electric Range = 0-22 miles (combined),,,0.478,0.504,0.49,,,,10.6
,,,,,,,,,,,,2024 BMW 330e xDrive Sedan,,,,,,,,,,,,,,,,,2024 BMW 330e xDrive Sedan,,,,,,,,,,,,,,,,2024 BMW 330e xDrive Sedan,,,,,,,,,,,,,,,2024 BMW 330e xDrive Sedan,,,,,,,,,,,,,,,,2024 BMW 330e xDrive Sedan,,,,,,,,,,,,,,,,2024 BMW 330e xDrive Sedan,,,,,,,,,,,,,,,,,2024 BMW 330e xDrive Sedan,,,,,,,,,,,,,,,,,2024 BMW 330e xDrive Sedan,,,,,,,,,,,,,, ,2024 BMW 330e xDrive Sedan,,,,,,,,,,,,,,,2024 BMW 330e xDrive Sedan,,,,,,,,,,,,2024 BMW 330e xDrive Sedan,,,,,,
2024,BMW,BMW,330e xDrive Sedan,BMX,321,2.0,4,Auto(S8),22,32,26,32.2,46,37.2254,22.1326,31.9159,25.6741,,TC,Turbocharged,SA,Semi-Automatic,,8,N,N,A,All Wheel Drive,10,,281,GP,Gasoline (Premium Unleaded Recommended),MPG,miles per gallon,N,Not exempt,,,94,9,,,1850,1850,47,43,45,34.4,30.4,32.6,46.936,43.329,45.3128,20,EL,Electricity,KW-HR/100Miles,kilowatt-hour per 100 miles,50,,,,,SIDI; PHEV; ,2,2,4,Compact Cars,car,Plug-in Hybrid Label,6/16/2023,33143,,Y,N,,,N,N,,N,,Y,variable valve timing at inlet and outlet valves,Y,variable valve lift at inlet valves,Battery(s),,6,Lithium Ion,,354,34,101.3,On-Board,,,Electrical Regen Brake,,Both,N,,,,permanent magnet synchronous machine (PMSM),1,Other,(PMSM),80,,,GDI,Spark Ignition Direct Injection,N,Y,N,0W20,Y,Yes,,CD-2C,Charge Depleting 2-cycle,CS-5C,Charge Sustaining 5-cycle,,,37.5,,,7,8,,RBMXJ02.0H30,7,,,,,,,,,,,,,,,500,,356,278,321,172,3,,300,31,44,36,195.4,143.8,172,20.51,22.17,21,0.465,0.489,0.476,0,0,0,10.6
2024,BMW,BMW,330e xDrive Sedan,BMX,321,2,4,Auto(S8),22,32,26,32.2,46,37.2254,22.1326,31.9159,25.6741,,TC,Turbocharged,SA,Semi-Automatic,,8,N,N,A,All Wheel Drive,10,,281,GP,Gasoline (Premium Unleaded Recommended),MPG,miles per gallon,N,Not exempt,,,94,9,,,1850,1850,64,75,68,91.2,106.5,97.5034,64.0224,74.5807,68.3785,20,EL,Electricity,MPG,miles per gallon,50,,,,,SIDI; PHEV; ,2,2,4,Compact Cars,car,Plug-in Hybrid Label,6/16/2023,33143,,Y,N,,,N,N,,N,,Y,variable valve timing at inlet and outlet valves,Y,variable valve lift at inlet valves,Battery(s),,6,Lithium Ion,,354,34,101.3,On-Board,,,Electrical Regen Brake,,Both,N,,,,permanent magnet synchronous machine (PMSM),1,Other,(PMSM),80,,,GDI,Spark Ignition Direct Injection,N,Y,N,0W20,Y,Yes,,CD-2C,Charge Depleting 2-cycle,CS-5C,Charge Sustaining 5-cycle,,,37.5,,,7,8,10,RBMXJ02.0H30,7,,,,,,,,,,,,,,,500,,356,278,321,172,3,,300,31,44,36,195.4,143.8,172,All Electric Range = 0-20 miles (combined),,,0.465,0.489,0.476,,,,10.6
,,,,,,,,,,,,2024 BMW XM,,,,,,,,,,,,,,,,,2024 BMW XM,,,,,,,,,,,,,,,,2024 BMW XM,,,,,,,,,,,,,,,2024 BMW XM,,,,,,,,,,,,,,,,2024 BMW XM,,,,,,,,,,,,,,,,2024 BMW XM,,,,,,,,,,,,,,,,,2024 BMW XM,,,,,,,,,,,,,,,,,2024 BMW XM,,,,,,,,,,,,,, ,2024 BMW XM,,,,,,,,,,,,,,,2024 BMW XM,,,,,,,,,,,,2024 BMW XM,,,,,,
2024,BMW,BMW,XM,BMX,900,4.4,8,Auto(S8),12,17,14,14.9,23.1,17.7595,11.8085,16.8858,13.6563,,TC,Turbocharged,SA,Semi-Automatic,,8,N,N,A,All Wheel Drive,10,,268,GPR,Gasoline (Premium Unleaded Required),MPG,miles per gallon,T,Truck,,,,,,,2850,2850,73,73,73,51.3,51.5,51.39,73.2005,73.426,73.302,31,TC,Electricity,KW-HR/100Miles,kilowatt-hour per 100 miles,2550,,,,,SIDI; PHEV; ,2,2,33,Standard SUV 4WD,,Plug-in Hybrid Label,9/1/2023,33720,,N,N,,,N,N,,N,,Y,variable valve timing at inlet and outlet valves,Y,variable valve lift at inlet valves,Battery(s),,6,Lithium Ion,,317,93,139,On-Board,,,Electrical Regen Brake,,Both,Y,,,,permanent magnet synchronous machine (PMSM),1,Other,(PMSM),145,,,GDI,Spark Ignition Direct Injection,N,Y,N,0W30,Y,Yes,,CD-2C,Charge Depleting 2-cycle,CS-5C,Charge Sustaining 5-cycle,,,,,,5,7,,RBMXT04.4H09,7,,,,,,,,,,,,,,,,4500,0,0,0,244,7,,300,22,27,24,276.3,204.2,244,31.16,30.80,31,0.602,0.595,0.599,0,0,0,18.2
2024,BMW,BMW,XM,BMX,900,4.4,8,Auto(S8),12,17,14,14.9,23.1,17.7595,11.8085,16.8858,13.6563,,TC,Turbocharged,SA,Semi-Automatic,,8,N,N,A,All Wheel Drive,10,,268,GPR,Gasoline (Premium Unleaded Required),MPG,miles per gallon,T,Truck,,,,,,,2850,2850,46,46,46,65.7,65.5,65.6098,46.2913,45.9397,46.1324,31,EL,Electricity,MPG,miles per gallon,2550,,,,,SIDI; PHEV; ,2,2,33,Standard SUV 4WD,,Plug-in Hybrid Label,9/1/2023,33720,,N,N,,,N,N,,N,,Y,variable valve timing at inlet and outlet valves,Y,variable valve lift at inlet valves,Battery(s),,6,Lithium Ion,,317,93,139,On-Board,,,Electrical Regen Brake,,Both,Y,,,,permanent magnet synchronous machine (PMSM),1,Other,(PMSM),145,,,GDI,Spark Ignition Direct Injection,N,Y,N,0W30,Y,Yes,,CD-2C,Charge Depleting 2-cycle,CS-5C,Charge Sustaining 5-cycle,,,,,,5,7,,RBMXT04.4H09,7,,,,,,,,,,,,,,,,4500,718,498,619,244,7,,300,22,27,24,276.3,204.2,244,All Electric Range = 0-31 miles (combined),,,0.602,0.595,0.599,,,,18.2
,,,,,,,,,,,,2024 Alfa Romeo Tonale eAWD,,,,,,,,,,,,,,,,,2024 Alfa Romeo Tonale eAWD,,,,,,,,,,,,,,,,2024 Alfa Romeo Tonale eAWD,,,,,,,,,,,,,,,2024 Alfa Romeo Tonale eAWD,,,,,,,,,,,,,,,,2024 Alfa Romeo Tonale eAWD,,,,,,,,,,,,,,,,2024 Alfa Romeo Tonale eAWD,,,,,,,,,,,,,,,,,2024 Alfa Romeo Tonale eAWD,,,,,,,,,,,,,,,,,2024 Alfa Romeo Tonale eAWD,,,,,,,,,,,,,, ,2024 Alfa Romeo Tonale eAWD,,,,,,,,,,,,,,,2024 Alfa Romeo Tonale eAWD,,,,,,,,,,,,2024 Alfa Romeo Tonale eAWD,,,,,,
2024,FCA US LLC,ALFA ROMEO,Tonale eAWD,CRX,514,1.3,4,Auto(A6),29,29,29,38.1872,45.2455,41.0703,28.8818,28.8699,28.8764,,TC,Turbocharged,A,Automatic,,6,Y,N,A,All Wheel Drive,10,,323,G,Gasoline (Regular Unleaded Recommended),MPG,miles per gallon,T,Truck,,,,,,,1350,1350,44,43,44,30.9,30.6,30.765,44.136,43.456,43.83,33,EL,Electricity,KW-HR/100Miles,kilowatt-hour per 100 miles,1350,,,,,SIDI; PHEV; ,2,2,31,Small SUV 4WD,,Plug-in Hybrid Label,5/26/2023,33208,,N,N,,,N,N,,N,,Y,Mulit-air-electro-hydraulic control,Y,Mulit-air-electro-hydraulic control,Battery(s),,1,Lithium Ion,,304,51,15.5,On-Board,,,Electrical Regen Brake,,Both,N,,,,,1,AC Induction,,89,,,GDI,Spark Ignition Direct Injection,N,Y,N,0W-20,N,No,,CD-2C,Charge Depleting 2-cycle,CS-5C,Charge Sustaining 5-cycle,,,,,,8,9,,RCRXV01.35PH,6,,,,,,,,,,,,,,,3000,,0,0,0,120,4,,360,46,47,47,119.6,120.8,120,32.58,32.55,33,0.613,0.612,0.612,0,0,0,11.2
2024,FCA US LLC,ALFA ROMEO,Tonale eAWD,CRX,514,1.3,4,Auto(A6),29,29,29,38.1872,45.2455,41.0703,28.8818,28.8699,28.8764,,TC,Turbocharged,A,Automatic,,6,Y,N,A,All Wheel Drive,10,,323,G,Gasoline (Regular Unleaded Recommended),MPG,miles per gallon,T,Truck,,,,,,,1350,1350,77,77,77,109.2,110,109.5586,76.6279,77.0212,76.8044,33,EL,Electricity,MPG,miles per gallon,1350,,,,,SIDI; PHEV; ,2,2,31,Small SUV 4WD,,Plug-in Hybrid Label,5/26/2023,33208,,N,N,,,N,N,,N,,Y,Mulit-air-electro-hydraulic control,Y,Mulit-air-electro-hydraulic control,Battery(s),,1,Lithium Ion,,304,51,15.5,On-Board,,,Electrical Regen Brake,,Both,N,,,,,1,AC Induction,,89,,,GDI,Spark Ignition Direct Injection,N,Y,N,0W-20,N,No,,CD-2C,Charge Depleting 2-cycle,CS-5C,Charge Sustaining 5-cycle,,,,,,8,9,10,RCRXV01.35PH,6,,,,,,,,,,,,,,,3000,,307,308,307,120,4,,360,46,47,47,119.6,120.8,120,All Electric Range = 0-33 miles (combined),,,0.613,0.612,0.612,,,,11.2
,,,,,,,,,,,,2024 Chrysler Pacifica Hybrid,,,,,,,,,,,,,,,,,2024 Chrysler Pacifica Hybrid,,,,,,,,,,,,,,,,2024 Chrysler Pacifica Hybrid,,,,,,,,,,,,,,,2024 Chrysler Pacifica Hybrid,,,,,,,,,,,,,,,,2024 Chrysler Pacifica Hybrid,,,,,,,,,,,,,,,,2024 Chrysler Pacifica Hybrid,,,,,,,,,,,,,,,,,2024 Chrysler Pacifica Hybrid,,,,,,,,,,,,,,,,,2024 Chrysler Pacifica Hybrid,,,,,,,,,,,,,, ,2024 Chrysler Pacifica Hybrid,,,,,,,,,,,,,,,2024 Chrysler Pacifica Hybrid,,,,,,,,,,,,2024 Chrysler Pacifica Hybrid,,,,,,
2024,FCA US LLC,Chrysler,Pacifica Hybrid,CRX,549,3.6,6,Auto(AV),29,30,30,42.7429,42.7998,42.7685,29.4158,29.6499,29.5207,,NA,Naturally Aspirated,CVT,Continuously Variable,,1,N,N,F,"2-Wheel Drive, Front",10,,487,G,Gasoline (Regular Unleaded Recommended),MPG,miles per gallon,T,Truck,,,,,,,1300,1300,39,45,41,27.3,30.7,28.83,38.854,44.634,41.455,32,EL,Electricity,KW-HR/100Miles,kilowatt-hour per 100 miles,1300,,,,,PHEV; ,2,2,20,"Special Purpose Vehicle, minivan 2WD",1,Plug-in Hybrid Label,9/11/2023,33808,,N,N,,,N,N,,N,,Y,Cam Phaser,N,,Battery(s),,1,Lithium Ion,,360,47,95.9,On-Board,,,Electrical Regen Brake,,Front Wheels,N,,,,,1,AC Induction,,89,,,MFI,Multipoint/sequential fuel injection,N,Y,N,5W20,Y,Yes,,CD-2C,Charge Depleting 2-cycle,CS-5C,Charge Sustaining 5-cycle,,,,,,8,9,,RCRXT03.65PH,7,,,,,,,,,,,,,,,3250,,0,0,0,119,2,,520,50,46,48,112.7,126.9,119,34.41,29.49,32,0.63,0.58,0.609,0,0,0,16.5
2024,FCA US LLC,Chrysler,Pacifica Hybrid,CRX,549,3.6,6,Auto(AV),29,30,30,42.7429,42.7998,42.7685,29.4158,29.6499,29.5207,,NA,Naturally Aspirated,CVT,Continuously Variable,,1,N,N,F,"2-Wheel Drive, Front",10,,487,G,Gasoline (Regular Unleaded Recommended),MPG,miles per gallon,T,Truck,,,,,,,1300,1300,87,77,82,123.6,109.8,116.9837,86.6743,76.8735,81.9715,32,EL,Electricity,MPG,miles per gallon,1300,,,,,PHEV; ,2,2,20,"Special Purpose Vehicle, minivan 2WD",1,Plug-in Hybrid Label,9/11/2023,33808,,N,N,,,N,N,,N,,Y,Cam Phaser,N,,Battery(s),,1,Lithium Ion,,360,47,95.9,On-Board,,,Electrical Regen Brake,,Front Wheels,N,,,,,1,AC Induction,,89,,,MFI,Multipoint/sequential fuel injection,N,Y,N,5W20,Y,Yes,,CD-2C,Charge Depleting 2-cycle,CS-5C,Charge Sustaining 5-cycle,,,,,,8,9,10,RCRXT03.65PH,7,,,,,,,,,,,,,,,3250,,300,299,300,119,2,,520,50,46,48,112.7,126.9,119,All Electric Range = 0-32 miles (combined),,,0.63,0.58,0.609,,,,16.5
,,,,,,,,,,,,2024 Dodge Hornet PHEV AWD,,,,,,,,,,,,,,,,,2024 Dodge Hornet PHEV AWD,,,,,,,,,,,,,,,,2024 Dodge Hornet PHEV AWD,,,,,,,,,,,,,,,2024 Dodge Hornet PHEV AWD,,,,,,,,,,,,,,,,2024 Dodge Hornet PHEV AWD,,,,,,,,,,,,,,,,2024 Dodge Hornet PHEV AWD,,,,,,,,,,,,,,,,,2024 Dodge Hornet PHEV AWD,,,,,,,,,,,,,,,,,2024 Dodge Hornet PHEV AWD,,,,,,,,,,,,,, ,2024 Dodge Hornet PHEV AWD,,,,,,,,,,,,,,,2024 Dodge Hornet PHEV AWD,,,,,,,,,,,,2024 Dodge Hornet PHEV AWD,,,,,,
2024,FCA US LLC,Dodge,Hornet PHEV AWD,CRX,512,1.3,4,Auto(A6),29,29,29,38.1872,45.2455,41.0703,28.8818,28.8699,28.8764,,TC,Turbocharged,A,Automatic,,6,Y,N,A,All Wheel Drive,10,,323,G,Gasoline (Regular Unleaded Recommended),MPG,miles per gallon,T,Truck,,,,,,,1350,1350,44,43,44,30.9,30.6,30.765,44.136,43.456,43.83,33,EL,Electricity,KW-HR/100Miles,kilowatt-hour per 100 miles,1350,,,,,SIDI; PHEV; ,2,2,31,Small SUV 4WD,,Plug-in Hybrid Label,5/26/2023,33209,,N,N,,,N,N,,N,,Y,Mulit-air-electro-hydraulic control,Y,Mulit-air-electro-hydraulic control,Battery(s),,1,Lithium Ion,,304,51,15.5,On-Board,,,Electrical Regen Brake,,Both,N,,,,,1,AC Induction,,89,,,GDI,Spark Ignition Direct Injection,N,Y,N,0W-20,N,No,,CD-2C,Charge Depleting 2-cycle,CS-5C,Charge Sustaining 5-cycle,,,,,,8,9,,RCRXV01.35PH,6,,,,,,,,,,,,,,,3000,,0,0,0,120,4,,360,46,47,47,119.6,120.8,120,32.58,32.55,33,0.613,0.612,0.612,0,0,0,11.2
2024,FCA US LLC,Dodge,Hornet PHEV AWD,CRX,512,1.3,4,Auto(A6),29,29,29,38.1872,45.2455,41.0703,28.8818,28.8699,28.8764,,TC,Turbocharged,A,Automatic,,6,Y,N,A,All Wheel Drive,10,,323,G,Gasoline (Regular Unleaded Recommended),MPG,miles per gallon,T,Truck,,,,,,,1350,1350,77,77,77,109.2,110,109.5586,76.6279,77.0212,76.8044,33,EL,Electricity,MPG,miles per gallon,1350,,,,,SIDI; PHEV; ,2,2,31,Small SUV 4WD,,Plug-in Hybrid Label,5/26/2023,33209,,N,N,,,N,N,,N,,Y,Mulit-air-electro-hydraulic control,Y,Mulit-air-electro-hydraulic control,Battery(s),,1,Lithium Ion,,304,51,15.5,On-Board,,,Electrical Regen Brake,,Both,N,,,,,1,AC Induction,,89,,,GDI,Spark Ignition Direct Injection,N,Y,N,0W-20,N,No,,CD-2C,Charge Depleting 2-cycle,CS-5C,Charge Sustaining 5-cycle,,,,,,8,9,10,RCRXV01.35PH,6,,,,,,,,,,,,,,,3000,,307,308,307,120,4,,360,46,47,47,119.6,120.8,120,All Electric Range = 0-33 miles (combined),,,0.613,0.612,0.612,,,,11.2
,,,,,,,,,,,,2024 Ferrari SF90 Spider,,,,,,,,,,,,,,,,,2024 Ferrari SF90 Spider,,,,,,,,,,,,,,,,2024 Ferrari SF90 Spider,,,,,,,,,,,,,,,2024 Ferrari SF90 Spider,,,,,,,,,,,,,,,,2024 Ferrari SF90 Spider,,,,,,,,,,,,,,,,2024 Ferrari SF90 Spider,,,,,,,,,,,,,,,,,2024 Ferrari SF90 Spider,,,,,,,,,,,,,,,,,2024 Ferrari SF90 Spider,,,,,,,,,,,,,, ,2024 Ferrari SF90 Spider,,,,,,,,,,,,,,,2024 Ferrari SF90 Spider,,,,,,,,,,,,2024 Ferrari SF90 Spider,,,,,,
2024,Ferrari,"Ferrari North America, Inc.",SF90 Spider,FEX,178,3.9,8,Auto(AM8),16,19,17,20,25.7,22.2174,16.1,18.6,17.1365,,TC,Turbocharged,AM,Automated Manual,,8,N,N,A,All Wheel Drive,,,320,GPR,Gasoline (Premium Unleaded Required),MPG,miles per gallon,N,Not exempt,,,,,,,3300,3300,79,73,77,59.3,51.8,55.925,79.454,73.085,76.588,8,EL,Electricity,KW-HR/100Miles,kilowatt-hour per 100 miles,,,,,,SIDI; PHEV; ,2,2,1,Two Seaters,car,Plug-in Hybrid Label,10/13/2023,33966,,Y,N,,,N,N,,N,Not applicable.,Y,Variable camshaft timing for exhaust and inlet.,N,Not applicable.,Battery(s),,1,Lithium Ion,,309,21.2,84.2,On-Board,,,Electrical Regen Brake,,Both,N,,,,,3,Other,PMSM = Perm Magnet Synchronous,"99, 99 and 150",,,GDI,Spark Ignition Direct Injection,N,Y,N,5W40,Y,Yes,Ferrari SF90 Spider,CD-5C,Charge Depleting 5-cycle,CS-5C,Charge Sustaining 5-cycle,,,,,,4,5,,RFEXV03.9HYB,3,,,,,,,,,,,,,,,,6750,548,474,515,413,2.5,,320,18,21,19,436.8,383.5,413,8.06,7.94,8,0.227,0.224,0.225,0,0,0,15.0
2024,Ferrari,"Ferrari North America, Inc.",SF90 Spider,FEX,174,3.9,8,Auto(AM8),16,19,17,20,25.7,22.2174,16.1,18.6,17.1365,,TC,Turbocharged,AM,Automated Manual,,8,N,N,A,All Wheel Drive,,,320,GPR,Gasoline (Premium Unleaded Required),MPG,miles per gallon,N,Not exempt,,,,,,,3300,3300,42,46,44,56.8,65.1,60.2571,42.1767,45.7435,43.7104,8,EL,Electricity,MPG,miles per gallon,,,,,,SIDI; PHEV; ,2,2,1,Two Seaters,car,Plug-in Hybrid Label,10/13/2023,33966,,Y,N,,,N,N,,N,Not applicable.,Y,Variable camshaft timing for exhaust and inlet.,N,Not applicable.,Battery(s),,1,Lithium Ion,,309,21.2,84.2,On-Board,,,Electrical Regen Brake,,Both,N,,,,,3,Other,PMSM = Perm Magnet Synchronous,"99, 99, and 150",,,GDI,Spark Ignition Direct Injection,N,Y,N,5W40,Y,Yes,Ferrari SF90 Spider,CD-5C,Charge Depleting 5-cycle,CS-5C,Charge Sustaining 5-cycle,,,,,,4,5,,RFEXV03.9HYB,3,,,,,,,,,,,,,,,,6750,548,474,515,413,2.5,,320,18,21,19,436.8,383.5,413,All Electric Range = 0-8 miles (combined),,,0.227,0.224,0.225,,,,15.0
,,,,,,,,,,,,2024 Ferrari SF90 Stradale,,,,,,,,,,,,,,,,,2024 Ferrari SF90 Stradale,,,,,,,,,,,,,,,,2024 Ferrari SF90 Stradale,,,,,,,,,,,,,,,2024 Ferrari SF90 Stradale,,,,,,,,,,,,,,,,2024 Ferrari SF90 Stradale,,,,,,,,,,,,,,,,2024 Ferrari SF90 Stradale,,,,,,,,,,,,,,,,,2024 Ferrari SF90 Stradale,,,,,,,,,,,,,,,,,2024 Ferrari SF90 Stradale,,,,,,,,,,,,,, ,2024 Ferrari SF90 Stradale,,,,,,,,,,,,,,,2024 Ferrari SF90 Stradale,,,,,,,,,,,,2024 Ferrari SF90 Stradale,,,,,,
2024,Ferrari,"Ferrari North America, Inc.",SF90 Stradale,FEX,173,3.9,8,Auto(AM8),16,20,18,20,27.3,22.7358,16.1,19.8,17.5782,,TC,Turbocharged,AM,Automated Manual,,8,N,N,A,All Wheel Drive,,,330,GPR,Gasoline (Premium Unleaded Required),MPG,miles per gallon,N,Not exempt,,,,,,,3150,3150,66,67,66,48.7,46.6,47.755,66.125,66.874,66.462,9,EL,Electricity,KW-HR/100Miles,kilowatt-hour per 100 miles,1400,,,,,SIDI; PHEV; ,2,2,1,Two Seaters,car,Plug-in Hybrid Label,10/13/2023,33964,,Y,N,,,N,N,,N,Not applicable.,Y,Variable camshaft timing for exhaust and inlet.,N,Not applicable.,Battery(s),,1,Lithium Ion,,309,21.2,84.2,On-Board,,,Electrical Regen Brake,,Both,N,,,,,3,Other,PMSM = Perm Magnet Synchronous,"99, 99 and 150",,,GDI,Spark Ignition Direct Injection,N,Y,N,5W40,Y,Yes,SF90 Stradale,CD-5C,Charge Depleting 5-cycle,CS-5C,Charge Sustaining 5-cycle,,,,,,4,5,,RFEXV03.9HYB,3,,,,,,,,,,,,,,,,6000,548,477,516,403,2.5,,330,19,22,20,427.6,373.5,403,8.62,8.37,9,0.24,0.234,0.237,0,0,0,15.0
2024,Ferrari,"Ferrari North America, Inc.",SF90 Stradale,FEX,173,3.9,8,Auto(AM8),16,20,18,20,27.3,22.7358,16.1,19.8,17.5782,,TC,Turbocharged,AM,Automated Manual,,8,N,N,A,All Wheel Drive,,,330,GPR,Gasoline (Premium Unleaded Required),MPG,miles per gallon,N,Not exempt,,,,,,,3150,3150,51,51,51,69.2,72.3,70.5615,50.5302,50.857,50.6767,9,EL,Electricity,MPG,miles per gallon,1400,,,,,SIDI; PHEV; ,2,2,1,Two Seaters,car,Plug-in Hybrid Label,10/13/2023,33964,,Y,N,,,N,N,,N,Not applicable.,Y,Variable camshaft timing for exhaust and inlet.,N,Not applicable.,Battery(s),,1,Lithium Ion,,309,21.2,84.2,On-Board,,,Electrical Regen Brake,,Both,N,,,,,3,Other,PMSM = Perm Magnet Synchronous,"99, 99, and 150",,,GDI,Spark Ignition Direct Injection,N,Y,N,5W40,Y,Yes,SF90 Stradale,CD-5C,Charge Depleting 5-cycle,CS-5C,Charge Sustaining 5-cycle,,,,,,4,5,,RFEXV03.9HYB,3,,,,,,,,,,,,,,,,6000,548,477,516,403,2.5,,330,19,22,20,427.6,373.5,403,All Electric Range = 0-8 miles (combined),,,0.24,0.234,0.237,,,,15.0
,,,,,,,,,,,,2024 Hyundai Tucson Plug-In Hybrid,,,,,,,,,,,,,,,,,2024 Hyundai Tucson Plug-In Hybrid,,,,,,,,,,,,,,,,2024 Hyundai Tucson Plug-In Hybrid,,,,,,,,,,,,,,,2024 Hyundai Tucson Plug-In Hybrid,,,,,,,,,,,,,,,,2024 Hyundai Tucson Plug-In Hybrid,,,,,,,,,,,,,,,,2024 Hyundai Tucson Plug-In Hybrid,,,,,,,,,,,,,,,,,2024 Hyundai Tucson Plug-In Hybrid,,,,,,,,,,,,,,,,,2024 Hyundai Tucson Plug-In Hybrid,,,,,,,,,,,,,, ,2024 Hyundai Tucson Plug-In Hybrid,,,,,,,,,,,,,,,2024 Hyundai Tucson Plug-In Hybrid,,,,,,,,,,,,2024 Hyundai Tucson Plug-In Hybrid,,,,,,
2024,Hyundai,HYUNDAI MOTOR COMPANY,Tucson Plug-in Hybrid,HYX,64,1.6,4,Auto(AM-S6),35,35,35,47.9,45.9,46.9788,34.7293,35.3739,35.0164,,TC,Turbocharged,AMS,Automated Manual- Selectable (e.g. Automated Manual with paddles),,6,N,N,A,All Wheel Drive,15,,389,G,Gasoline (Regular Unleaded Recommended),MPG,miles per gallon,T,Truck,,,,,,,1150,1150,39,46,42,27.2,31.9,29.315,38.6045,45.559,41.734,33,EL,Electricity,KW-HR/100Miles,kilowatt-hour per 100 miles,1150,,,,,,2,2,31,Small SUV 4WD,,Plug-in Hybrid Label,6/1/2023,33151,,N,N,,,N,N,,N,,Y,Fixed3,N,,Battery(s),,1,Lithium Ion,,360,38.3,98,On-Board,,,Electrical Regen Brake,,Front Wheels,N,,,,,1,Other,PMSM,67,,,,,N,Y,N,"0W20, API SN PLUS/SP",Y,Yes,,CD-2C,Charge Depleting 2-cycle,CS-5C,Charge Sustaining 5-cycle,,,,,,8,9,,RHYXT01.6L2T,7,,,,,,,,,,,,,,,4000,,0,0,0,100,1.7,,420,56,50,53,94.4,107.3,100,35.03,29.72,33,0.636,0.583,0.616,0,0,0,11.1
2024,(Blended PHEV; tested in the Eco (default) mode---not the sport mode),,,,,,,,35,35,35,47.9,45.9,46.9788,34.7293,35.3739,35.0164,,TC,Turbocharged,AMS,Automated Manual- Selectable (e.g. Automated Manual with paddles),,6,N,N,A,All Wheel Drive,15,,389,G,Gasoline (Regular Unleaded Recommended),MPG,miles per gallon,T,Truck,,,,,,,1150,1150,87,74,80,124,105.6,114.9842,86.8074,73.8934,80.4782,33,EL,Electricity,MPG,miles per gallon,1150,,,,,SIDI; PHEV; ,2,2,31,Small SUV 4WD,,Plug-in Hybrid Label,6/1/2023,33151,,N,N,,,N,N,,N,,Y,Fixed3,N,,Battery(s),,1,Lithium Ion,,360,38.3,98,On-Board,,,Electrical Regen Brake,,Front Wheels,N,,,,,1,Other,PMSM,67,,,GDI,Spark Ignition Direct Injection,N,Y,N,"0W20, API SN PLUS/SP",Y,Yes,,CD-2C,Charge Depleting 2-cycle,CS-5C,Charge Sustaining 5-cycle,,,,,,8,9,,RHYXT01.6L2T,7,,,,,,,,,,,,,,,4000,,257,252,254,100,1.7,,420,56,50,53,94.4,107.3,100,All Electric Range = 0-33 miles (combined),,,0.636,0.583,0.616,,,,11.1
,,,,,,,,,,,,2024 Jeep Grand Cherokee 4xe,,,,,,,,,,,,,,,,,2024 Jeep Grand Cherokee 4xe,,,,,,,,,,,,,,,,2024 Jeep Grand Cherokee 4xe,,,,,,,,,,,,,,,2024 Jeep Grand Cherokee 4xe,,,,,,,,,,,,,,,,2024 Jeep Grand Cherokee 4xe,,,,,,,,,,,,,,,,2024 Jeep Grand Cherokee 4xe,,,,,,,,,,,,,,,,,2024 Jeep Grand Cherokee 4xe,,,,,,,,,,,,,,,,,2024 Jeep Grand Cherokee 4xe,,,,,,,,,,,,,, ,2024 Jeep Grand Cherokee 4xe,,,,,,,,,,,,,,,2024 Jeep Grand Cherokee 4xe,,,,,,,,,,,,2024 Jeep Grand Cherokee 4xe,,,,,,
2024,FCA US LLC,Jeep,Grand Cherokee 4xe,CRX,530,2.0,4,Auto(A8),23,24,23,30.3,37.4,33.1302,22.8474,24.299,23.4786,,TC,Turbocharged,A,Automatic,,8,Y,N,4,4-Wheel Drive,10,,447,G,Gasoline (Regular Unleaded Recommended),MPG,miles per gallon,T,Truck,,,,,,,1750,1750,58,58,58,41.6,42.1,41.825,57.565,58.344,57.9155,26,EL,Electricity,KW-HR/100Miles,kilowatt-hour per 100 miles,1750,,,,,SIDI; PHEV; ,2,2,33,Standard SUV 4WD,,Plug-in Hybrid Label,8/7/2023,33470,,N,N,,,N,N,,N,,Y,electro-hydraulic control,N,,Battery(s),,2,Lithium Ion,,345,49.5,113.7,On-Board,,,Electrical Regen Brake,,Both,N,,,,,1,AC Induction,,100,,,GDI,Spark Ignition Direct Injection,N,Y,N,0w-20,Y,Yes,,CD-2C,Charge Depleting 2-cycle,CS-5C,Charge Sustaining 5-cycle,,,,,,7,8,,RCRXT02.05PH,7,,,,,,,,,,,,,,,1000,,0,0,0,177,3.4,,470,33,35,34,180.9,171.6,177,25.87,25.58,26,0.538,0.534,0.536,0,0,0,19.0
2024,FCA US LLC,Jeep,Grand Cherokee 4xe,CRX,530,2,4,Auto(A8),23,24,23,30.3,37.4,33.1302,22.8474,24.299,23.4786,,TC,Turbocharged,A,Automatic,,8,Y,N,4,4-Wheel Drive,10,,447,G,Gasoline (Regular Unleaded Recommended),MPG,miles per gallon,T,Truck,,,,,,,1750,1750,57,56,56,81.1,80.1,80.6469,56.7442,56.0356,56.4231,26,EL,Electricity,MPG,miles per gallon,1750,,,,,SIDI; PHEV; ,2,2,33,Standard SUV 4WD,,Plug-in Hybrid Label,8/7/2023,33470,,N,N,,,N,N,,N,,Y,electro-hydraulic control,N,,Battery(s),,2,Lithium Ion,,345,49.5,113.7,On-Board,,,Electrical Regen Brake,,Both,N,,,,,1,AC Induction,,100,,,GDI,Spark Ignition Direct Injection,N,Y,N,0w-20,Y,Yes,,CD-2C,Charge Depleting 2-cycle,CS-5C,Charge Sustaining 5-cycle,,,,,,7,8,,RCRXT02.05PH,7,,,,,,,,,,,,,,,1000,,387,364,377,177,3.4,,470,33,35,34,180.9,171.6,177,All Electric Range = 0-25 miles (combined),,,0.538,0.534,0.536,,,,19.0
,,,,,,,,,,,,2024 Jeep Wrangler 4dr 4xe,,,,,,,,,,,,,,,,,2024 Jeep Wrangler 4dr 4xe,,,,,,,,,,,,,,,,2024 Jeep Wrangler 4dr 4xe,,,,,,,,,,,,,,,2024 Jeep Wrangler 4dr 4xe,,,,,,,,,,,,,,,,2024 Jeep Wrangler 4dr 4xe,,,,,,,,,,,,,,,,2024 Jeep Wrangler 4dr 4xe,,,,,,,,,,,,,,,,,2024 Jeep Wrangler 4dr 4xe,,,,,,,,,,,,,,,,,2024 Jeep Wrangler 4dr 4xe,,,,,,,,,,,,,, ,2024 Jeep Wrangler 4dr 4xe,,,,,,,,,,,,,,,2024 Jeep Wrangler 4dr 4xe,,,,,,,,,,,,2024 Jeep Wrangler 4dr 4xe,,,,,,
2024,FCA US LLC,Jeep,Wrangler 4dr 4xe,CRX,508,2.0,4,Auto(A8),20,20,20,27.6,29.8,28.5484,20.3076,19.8362,20.0927,,TC,Turbocharged,A,Automatic,,8,Y,N,4,4-Wheel Drive,10,,346,G,Gasoline (Regular Unleaded Recommended),MPG,miles per gallon,T,Truck,,,,,,,2100,2100,65,71,68,45.9,51.9,48.6,65.23,71.023,67.8368,22,EL,Electricity,KW-HR/100Miles,kilowatt-hour per 100 miles,2100,,,,,SIDI; PHEV; ,2,2,31,Small SUV 4WD,,Plug-in Hybrid Label,5/29/2023,33027,,N,N,,,N,N,,N,,Y,electro-hydraulic control,N,,Battery(s),,2,Lithium Ion,,345,49.5,113.7,On-Board,,,Electrical Regen Brake,,Both,N,,,,,1,AC Induction,,100,,,GDI,Spark Ignition Direct Injection,N,Y,N,0w-20,Y,Yes,PHEV,CD-2C,Charge Depleting 2-cycle,CS-5C,Charge Sustaining 5-cycle,,,,,,6,7,,RCRXT02.05PH,7,,,,,,,,,,,,,,,,750,0,0,0,230,2.4,,370,29,27,28,221,241.4,230,22.85,21.00,22,0.498,0.472,0.487,0.0,0.0,0.0,17.2
2024,FCA US LLC,Jeep,Wrangler 4dr 4xe,CRX,508,2,4,Auto(A8),20,20,20,27.6,29.8,28.5484,20.3076,19.8362,20.0927,,TC,Turbocharged,A,Automatic,,8,Y,N,4,4-Wheel Drive,10,,346,G,Gasoline (Regular Unleaded Recommended),MPG,miles per gallon,T,Truck,,,,,,,2100,2100,52,45,49,73.4,65,69.3661,51.8439,45.4873,48.7766,22,EL,Electricity,MPG,miles per gallon,2100,,,,,SIDI; PHEV; ,2,2,31,Small SUV 4WD,,Plug-in Hybrid Label,5/29/2023,33027,,N,N,,,N,N,,N,,Y,electro-hydraulic control,N,,Battery(s),,2,Lithium Ion,,345,49.5,113.7,On-Board,,,Electrical Regen Brake,,Both,N,,,,,1,AC Induction,,100,,,GDI,Spark Ignition Direct Injection,N,Y,N,0w-20,Y,Yes,PHEV,CD-2C,Charge Depleting 2-cycle,CS-5C,Charge Sustaining 5-cycle,,,,,,6,7,,RCRXT02.05PH,7,,,,,,,,,,,,,,,,750,436,448,441,230,2.4,,370,29,27,28,221,241.4,230,All Electric Range = 0-21 miles (combined),,,0.498,0.472,0.487,,,,17.2
,,,,,,,,,,,,2024 Kia Sorento Plug-in Hybrid,,,,,,,,,,,,,,,,,2024 Kia Sorento Plug-in Hybrid,,,,,,,,,,,,,,,,2024 Kia Sorento Plug-in Hybrid,,,,,,,,,,,,,,,2024 Kia Sorento Plug-in Hybrid,,,,,,,,,,,,,,,,2024 Kia Sorento Plug-in Hybrid,,,,,,,,,,,,,,,,2024 Kia Sorento Plug-in Hybrid,,,,,,,,,,,,,,,,,2024 Kia Sorento Plug-in Hybrid,,,,,,,,,,,,,,,,,2024 Kia Sorento Plug-in Hybrid,,,,,,,,,,,,,, ,2024 Kia Sorento Plug-in Hybrid,,,,,,,,,,,,,,,2024 Kia Sorento Plug-in Hybrid,,,,,,,,,,,,2024 Kia Sorento Plug-in Hybrid,,,,,,
2024,Kia,KIA,Sorento Plug-in Hybrid,KMX,25,1.6,4,Auto(AM-S6),35,33,34,47.4,45.1,46.3366,35.0284,32.9232,34.0487,,TC,Turbocharged,AMS,Automated Manual- Selectable (e.g. Automated Manual with paddles),,6,N,N,A,All Wheel Drive,15,,423,G,Gasoline (Regular Unleaded Recommended),MPG,miles per gallon,T,Truck,,,,,,,1200,1200,40,45,43,28.4,31.6,29.84,40.31,45.187,42.5046,32,EL,Electricity,KW-HR/100Miles,kilowatt-hour per 100 miles,50,,,,,SIDI; PHEV; ,2,2,31,Small SUV 4WD,,Plug-in Hybrid Label,8/1/2023,33725,,N,N,,,N,N,,N,,Y,Fixed3,N,,Battery(s),,1,Lithium Ion,,360,38.3,98.6,On-Board,,,Hydraulic Regen Brake,,Front Wheels,N,,,,,1,Other,PMSM,67,,,GDI,Spark Ignition Direct Injection,N,Y,N,"0W20, API SN PLUS/SP",Y,Yes,,CD-2C,Charge Depleting 2-cycle,CS-5C,Charge Sustaining 5-cycle,,,,,,8,9,,RKMXV01.6J2T,7,,,,,,,,,,,,,,,3750,,256,272,263,105,3.4,,460,54,48,52,97.4,114.8,105,33.77,29.92,32,0.624,0.585,0.607,0,0,0,12.4
2024,Kia,KIA,Sorento Plug-in Hybrid,KMX,25,1.6,4,Auto(AM-S6),35,33,34,47.4,45.1,46.3366,35.0284,32.9232,34.0487,,TC,Turbocharged,AMS,Automated Manual- Selectable (e.g. Automated Manual with paddles),,6,N,N,A,All Wheel Drive,15,,423,G,Gasoline (Regular Unleaded Recommended),MPG,miles per gallon,T,Truck,,,,,,,1200,1200,83,75,79,118.9,106.6,113.0311,83.2894,74.6107,79.1466,32,EL,Electricity,MPG,miles per gallon,50,,,,,SIDI; PHEV; ,2,2,31,Small SUV 4WD,,Plug-in Hybrid Label,8/1/2023,33725,,N,N,,,N,N,,N,,Y,Fixed3,N,,Battery(s),,1,Lithium Ion,,360,38.3,98.6,On-Board,,,Hydraulic Regen Brake,,Front Wheels,N,,,,,1,Other,PMSM,67,,,GDI,Spark Ignition Direct Injection,N,Y,N,"0W20, API SN PLUS/SP",Y,Yes,,CD-2C,Charge Depleting 2-cycle,CS-5C,Charge Sustaining 5-cycle,,,,,,8,9,10,RKMXV01.6J2T,7,,,,,,,,,,,,,,,3750,,256,272,263,105,3.4,,460,54,48,52,97.4,114.8,105,All Electric Range = 0-32 miles (combined),,,0.624,0.585,0.607,,,,12.4
,,,,,,,,,,,,2024 Kia Sportage Plug-in Hybrid,,,,,,,,,,,,,,,,,2024 Kia Sportage Plug-in Hybrid,,,,,,,,,,,,,,,,2024 Kia Sportage Plug-in Hybrid,,,,,,,,,,,,,,,2024 Kia Sportage Plug-in Hybrid,,,,,,,,,,,,,,,,2024 Kia Sportage Plug-in Hybrid,,,,,,,,,,,,,,,,2024 Kia Sportage Plug-in Hybrid,,,,,,,,,,,,,,,,,2024 Kia Sportage Plug-in Hybrid,,,,,,,,,,,,,,,,,2024 Kia Sportage Plug-in Hybrid,,,,,,,,,,,,,, ,2024 Kia Sportage Plug-in Hybrid,,,,,,,,,,,,,,,2024 Kia Sportage Plug-in Hybrid,,,,,,,,,,,,2024 Kia Sportage Plug-in Hybrid,,,,,,
2024,Kia,KIA,Sportage Plug-in Hybrid,KMX,22,1.6,4,Auto(AM-S6),36,35,35,48.5,46.2,47.4373,35.6335,35.0479,35.3676,,TC,Turbocharged,AMS,Automated Manual- Selectable (e.g. Automated Manual with paddles),,6,N,N,A,All Wheel Drive,15,,393,G,Gasoline (Regular Unleaded Recommended),MPG,miles per gallon,T,Truck,,,,,,,1150,1150,38,43,40,26.8,30,28.24,38.05,42.682,40.1344,34,EL,Electricity,KW-HR/100Miles,kilowatt-hour per 100 miles,850,,,,,SIDI; PHEV; ,2,2,31,Small SUV 4WD,,Plug-in Hybrid Label,10/15/2023,34013,,N,N,,,N,N,,N,,Y,Fixed3,N,,Battery(s),,1,Lithium Ion,,360,38.8,98.6,On-Board,,,Hydraulic Regen Brake,,Front Wheels,N,,,,,1,Other,IPMSM,67,,,GDI,Spark Ignition Direct Injection,N,Y,N,"0W20, API SN PLUS/SP",Y,Yes,,CD-2C,Charge Depleting 2-cycle,CS-5C,Charge Sustaining 5-cycle,,,,,,8,10,,RKMXT01.6P2T,7,,,,,,,,,,,,,,,4000,,249,253,251,96,2,,430,57,52,55,90.7,103.5,96,35.453,31.133,34,0.64,0.598,0.622,0,0,0,11.1
2024,Kia,KIA,Sportage Plug-in Hybrid,KMX,22,1.6,4,Auto(AM-S6),36,35,35,48.5,46.2,47.4373,35.6335,35.0479,35.3676,,TC,Turbocharged,AMS,Automated Manual- Selectable (e.g. Automated Manual with paddles),,6,N,N,A,All Wheel Drive,15,,393,G,Gasoline (Regular Unleaded Recommended),MPG,miles per gallon,T,Truck,,,,,,,1150,1150,88,79,84,125.7,112.5,119.3959,87.979,78.7728,83.5832,34,EL,Electricity,MPG,miles per gallon,850,,,,,SIDI; PHEV; ,2,2,31,Small SUV 4WD,,Plug-in Hybrid Label,10/15/2023,34013,,N,N,,,N,N,,N,,Y,Fixed3,N,,Battery(s),,1,Lithium Ion,,360,38.8,98.6,On-Board,,,Hydraulic Regen Brake,,Front Wheels,N,,,,,1,Other,IPMSM,67,,,GDI,Spark Ignition Direct Injection,N,Y,N,"0W20, API SN PLUS/SP",Y,Yes,,CD-2C,Charge Depleting 2-cycle,CS-5C,Charge Sustaining 5-cycle,,,,,,8,10,,RKMXT01.6P2T,7,,,,,,,,,,,,,,,4000,,249,253,251,96,2,,430,57,52,55,90.7,103.5,96,All Electric Range = 0-34 miles (combined),,,0.64,0.598,0.622,,,,11.1
,,,,,,,,,,,,2024 Lexus NX 450h+ AWD,,,,,,,,,,,,,,,,,2024 Lexus NX 450h+ AWD,,,,,,,,,,,,,,,,2024 Lexus NX 450h+ AWD,,,,,,,,,,,,,,,2024 Lexus NX 450h+ AWD,,,,,,,,,,,,,,,,2024 Lexus NX 450h+ AWD,,,,,,,,,,,,,,,,2024 Lexus NX 450h+ AWD,,,,,,,,,,,,,,,,,2024 Lexus NX 450h+ AWD,,,,,,,,,,,,,,,,,2024 Lexus NX 450h+ AWD,,,,,,,,,,,,,, ,2024 Lexus NX 450h+ AWD,,,,,,,,,,,,,,,2024 Lexus NX 450h+ AWD,,,,,,,,,,,,2024 Lexus NX 450h+ AWD,,,,,,
2024,Toyota,LEXUS,NX 450h+ AWD,TYX,6,2.5,4,Auto(AV-S6),38,33,36,49.6499,47.5499,48.6824,37.5894,33.2748,35.517,,NA,Naturally Aspirated,SCV,Selectable Continuously Variable (e.g. CVT with paddles),,6,N,N,A,All Wheel Drive,15,,517,GP,Gasoline (Premium Unleaded Recommended),MPG,miles per gallon,T,Truck,,,,,,,1200,1200,36,45,40,25.4,31.3,28.055,36.295,44.754,40.1016,37,EL,Electricity,KW-HR/100Miles,kilowatt-hour per 100 miles,1200,,,,,,2,2,31,Small SUV 4WD,,Plug-in Hybrid Label,3/17/2023,32911,,Y,N,,,N,N,APPLIED TO NX 450h+ AWD,N,,Y,Intake and exhaust,N,,Battery(s),,1,Lithium Ion,,355,51,218.2,On-Board,,,Electrical Regen Brake,,Both,N,,,,Batteries are charged from an external power supply through the charger.,2,Other,AC Synchronous,40 and 134,,,,,N,Y,N,0W-16,Y,Yes,PHEV,CD-2C,Charge Depleting 2-cycle,CS-5C,Charge Sustaining 5-cycle,,,,,,8,10,,RTYXT02.5P33,7,,,,,,,,,,,,,,,3750,,0,0,0,87,4.5,,550,63,50,57,74.5,104.2,87,41.08,33.10,37,0.686,0.618,0.657,0,0,0,14.8
2024,"(Blended PHEV; tested in the Sport and Eco modes (CS) and Normal (default) mode (CD)--only Normal, Sport & Eco modes are available);",,,,,,,,38,33,36,49.6499,47.5499,48.6824,37.5894,33.2748,35.517,,NA,Naturally Aspirated,SCV,Selectable Continuously Variable (e.g. CVT with paddles),,6,N,N,A,All Wheel Drive,15,,517,GP,Gasoline (Premium Unleaded Recommended),MPG,miles per gallon,T,Truck,,,,,,,1200,1200,93,75,84,132.6,107.6,120.0485,92.8124,75.2892,84.0132,37,EL,Electricity,MPG,miles per gallon,1200,,,,,SIDI & PFI; ,2,2,31,Small SUV 4WD,,Plug-in Hybrid Label,3/17/2023,32911,,Y,N,,,N,N,APPLIED TO NX 450h+ AWD,N,,Y,Intake and exhaust,N,,Battery(s),,1,Lithium Ion,,355,51,218.2,On-Board,,,Electrical Regen Brake,,Both,N,,,,Batteries are charged from an external power supply through the charger.,2,Other,AC Synchronous,40 and 134,,,GDPI,Spark Ignition direct & ported injection,N,Y,N,0W-16,Y,Yes,PHEV,CD-2C,Charge Depleting 2-cycle,CS-5C,Charge Sustaining 5-cycle,,,,,,8,10,,RTYXT02.5P33,7,,,,,,,,,,,,,,,3750,,234,265,248,87,4.5,,550,63,50,57,74.5,104.2,87,All Electric Range = 0-37 miles (combined),,,0.686,0.618,0.657,,,,14.8
,,,,,,,,,,,,2024 Mitsubishi Outlander PHEV,,,,,,,,,,,,,,,,,2024 Mitsubishi Outlander PHEV,,,,,,,,,,,,,,,,2024 Mitsubishi Outlander PHEV,,,,,,,,,,,,,,,2024 Mitsubishi Outlander PHEV,,,,,,,,,,,,,,,,2024 Mitsubishi Outlander PHEV,,,,,,,,,,,,,,,,2024 Mitsubishi Outlander PHEV,,,,,,,,,,,,,,,,,2024 Mitsubishi Outlander PHEV,,,,,,,,,,,,,,,,,2024 Mitsubishi Outlander PHEV,,,,,,,,,,,,,, ,2024 Mitsubishi Outlander PHEV,,,,,,,,,,,,,,,2024 Mitsubishi Outlander PHEV,,,,,,,,,,,,2024 Mitsubishi Outlander PHEV,,,,,,
2024,Mitsubishi Motors Co,Mitsubishi Motors Corporation,Outlander PHEV,MTX,217,2.4,4,Auto(A1),25,27,26,37.7261,39.3754,38.4508,25,27.0794,26,,NA,Naturally Aspirated,A,Automatic,,1,N,N,A,All Wheel Drive,,,386,G,Gasoline (Regular Unleaded Recommended),MPG,miles per gallon,T,Truck,,,,,,,1500,1500,50,54,52,35.4,38.6,36.84,50.3567,54.2785,52.1215,38,EL,Electricity,KW-HR/100Miles,kilowatt-hour per 100 miles,50,,,,,PHEV; ,2,2,33,Standard SUV 4WD,,Plug-in Hybrid Label,7/1/2023,32987,,N,N,,,N,N,,N,,Y,DOHC continuous Variable Valve Timing System with inlet,N,,Battery(s),,1,Lithium Ion,,350,56.5,225,Both On-Board and Off-Board,,,Electrical Regen Brake,,Both,Y,,,,,2,"DC Permanent Magnet, brushless",,85 and 100,,,MFI,Multipoint/sequential fuel injection,N,Y,N,0W-20,Y,Yes,,CD-2C,Charge Depleting 2-cycle,CS-5C,Charge Sustaining 5-cycle,,,,,,8,9,,RMTXT02.4H3M,7,,,,,,,,,,,,,,,2250,,353,325,115,115,6.5,,420,43,42,43,113.8,116.2,115,39.51,35.91,38,0.674,0.644,0.661,0,0,0,14.8
2024,Mitsubishi Motors Co,Mitsubishi Motors Corporation,Outlander PHEV,MTX,217,2.4,4,Auto(A1),25,27,26,37.7261,39.3754,38.4508,25,27.0794,26,,NA,Naturally Aspirated,A,Automatic,,1,N,N,A,All Wheel Drive,,,386,G,Gasoline (Regular Unleaded Recommended),MPG,miles per gallon,T,Truck,,,,,,,1500,1500,67,61,64,95.1,87.4,91.4735,66.7774,61.1609,64.1274,38,EL,Electricity,MPG,miles per gallon,50,,,,,PHEV; ,2,2,33,Standard SUV 4WD,,Plug-in Hybrid Label,7/1/2023,32987,,N,N,,,N,N,,N,,Y,DOHC continuous Variable Valve Timing System with inlet,N,,Battery(s),,1,Lithium Ion,,350,56.5,225,Both On-Board and Off-Board,,,Electrical Regen Brake,,Both,Y,,,,,2,"DC Permanent Magnet, brushless",,85 and 100,,,MFI,Multipoint/sequential fuel injection,N,Y,N,0W-20,Y,Yes,,CD-2C,Charge Depleting 2-cycle,CS-5C,Charge Sustaining 5-cycle,,,,,,8,9,,RMTXT02.4H3M,7,,,,,,,,,,,,,,,2250,,353,325,115,115,6.5,,420,43,42,43,113.8,116.2,115,All Electric Range = 0-38 miles (combined),,,0.674,0.644,0.661,,,,14.8
,,,,,,,,,,,,2024 Toyota Prius Prime,,,,,,,,,,,,,,,,,2024 Toyota Prius Prime,,,,,,,,,,,,,,,,2024 Toyota Prius Prime,,,,,,,,,,,,,,,2024 Toyota Prius Prime,,,,,,,,,,,,,,,,2024 Toyota Prius Prime,,,,,,,,,,,,,,,,2024 Toyota Prius Prime,,,,,,,,,,,,,,,,,2024 Toyota Prius Prime,,,,,,,,,,,,,,,,,2024 Toyota Prius Prime,,,,,,,,,,,,,, ,2024 Toyota Prius Prime,,,,,,,,,,,,,,,2024 Toyota Prius Prime,,,,,,,,,,,,2024 Toyota Prius Prime,,,,,,
2024,Toyota,TOYOTA,PRIUS PRIME,TYX,103,2.0,4,Auto(AV),50,47,48,70.3,66.1,68.3458,50.2731,46.8297,48,,NA,Naturally Aspirated,CVT,Continuously Variable,,1,N,N,F,"2-Wheel Drive, Front",15,,513,G,Gasoline (Regular Unleaded Recommended),MPG,miles per gallon,N,Not exempt,,,,,91,20,800,800,27,33,29,18.5,22.5,20.3,26.348,32.106,28.9391,40,EL,Electricity,KW-HR/100Miles,kilowatt-hour per 100 miles,0,0,0,0,,SIDI & PFI; PHEV; ,2,2,5,Midsize Cars,car,Plug-in Hybrid Label,9/17/2023,33799,,N,N,,,N,N,,N,,Y,Intake and exhaust,N,,Battery(s),,1,Lithium Ion,,266,51,218.2,On-Board,,,Electrical Regen Brake,,Front Wheels,N,,,,,1,Other,AC SYNCHRONOUS,120,,,GDPI,Spark Ignition direct & ported injection,N,Y,N,0W-16,Y,Yes,PHEV,CD-2C,Charge Depleting 2-cycle,CS-5C,Charge Sustaining 5-cycle,,,69.1,,,9,10,10,RTYXV02.0P35,7,,,,,,,,,,,,,,,5750,,174,188,181,60,4,,550,86,72,79,54,66.7,60,43.23,35.94,40,0.701,0.644,0.677,0,0,0,10.6
2024,Toyota,TOYOTA,PRIUS PRIME,TYX,85,2,4,Auto(AV),50,47,48,70.3,66.1,68.3458,50.2731,46.8297,48,,NA,Naturally Aspirated,CVT,Continuously Variable,,1,N,N,F,"2-Wheel Drive, Front",15,,513,G,Gasoline (Regular Unleaded Recommended),MPG,miles per gallon,N,Not exempt,,,,,91,20,800,800,125,103,114,182.6,149.5,166.0555,127.8404,104.6534,116.25,40,EL,Electricity,MPG,miles per gallon,0,0,0,0,,SIDI & PFI; PHEV; ,2,2,5,Midsize Cars,car,Plug-in Hybrid Label,9/17/2023,33799,,N,N,,,N,N,,N,,Y,Intake and exhaust,N,,Battery(s),,1,Lithium Ion,,266,51,218.2,On-Board,,,Electrical Regen Brake,,Front Wheels,N,,,,,1,Other,AC SYNCHRONOUS,120,,,GDPI,Spark Ignition direct & ported injection,N,Y,N,0W-16,Y,Yes,PHEV,CD-2C,Charge Depleting 2-cycle,CS-5C,Charge Sustaining 5-cycle,,,69.1,,,9,10,,RTYXV02.0P35,7,,,,,,,,,,,,,,,5750,,174,188,181,60,4,,550,86,72,79,54,66.7,60,All Electric Range = 0-39 miles (combined),,,0.701,0.644,0.677,,,,10.6
,,,,,,,,,,,,2024 Toyota Prius Prime SE,,,,,,,,,,,,,,,,,2024 Toyota Prius Prime SE,,,,,,,,,,,,,,,,2024 Toyota Prius Prime SE,,,,,,,,,,,,,,,2024 Toyota Prius Prime SE,,,,,,,,,,,,,,,,2024 Toyota Prius Prime SE,,,,,,,,,,,,,,,,2024 Toyota Prius Prime SE,,,,,,,,,,,,,,,,,2024 Toyota Prius Prime SE,,,,,,,,,,,,,,,,,2024 Toyota Prius Prime SE,,,,,,,,,,,,,, ,2024 Toyota Prius Prime SE,,,,,,,,,,,,,,,2024 Toyota Prius Prime SE,,,,,,,,,,,,2024 Toyota Prius Prime SE,,,,,,
2024,Toyota,TOYOTA,PRIUS PRIME SE,TYX,104,2.0,4,Auto(AV),53,51,52,77.7,72.7,75.3674,53,51,52,,NA,Naturally Aspirated,CVT,Continuously Variable,,1,N,N,F,"2-Wheel Drive, Front",15,,553,G,Gasoline (Regular Unleaded Recommended),MPG,miles per gallon,N,Not exempt,,,,,91,20,700,700,24,29,26,16.5,20.3,18.21,23.469,29.129,26.016,45,EL,Electricity,KW-HR/100Miles,kilowatt-hour per 100 miles,550,0,,,,SIDI & PFI; PHEV; ,2,2,5,Midsize Cars,car,Plug-in Hybrid Label,9/17/2023,33800,,Y,N,,,N,N,,N,,Y,Intake and exhaust,N,,Battery(s),,1,Lithium Ion,,266,51,218.2,On-Board,,,Electrical Regen Brake,,Front Wheels,N,,,,,1,Other,AC SYNCHRONOUS,120,,,GDPI,Spark Ignition direct & ported injection,N,Y,N,0W-16,Y,Yes,PHEV,CD-2C,Charge Depleting 2-cycle,CS-5C,Charge Sustaining 5-cycle,,,76.2,,,9,10,,RTYXV02.0P35,7,,,,,,,,,,,,,,,6250,,166,174,170,50,4,,600,97,81,89,44.5,57.7,50,48.43,39.69,45,0.734,0.675,0.71,0,0,0,10.6
2024,Toyota,TOYOTA,PRIUS PRIME SE,TYX,123,2,4,Auto(AV),53,51,52,77.7,72.7,75.3674,53,51,52,,NA,Naturally Aspirated,CVT,Continuously Variable,,1,N,N,F,"2-Wheel Drive, Front",15,,553,G,Gasoline (Regular Unleaded Recommended),MPG,miles per gallon,N,Not exempt,,,,,91,20,700,700,140,115,127,204.8,165.9,185.253,143.3547,116.1514,129.6867,45,EL,Electricity,MPG,miles per gallon,550,0,,,,SIDI & PFI; PHEV; ,2,2,5,Midsize Cars,car,Plug-in Hybrid Label,9/17/2023,33800,,Y,N,,,N,N,,N,,Y,Intake and exhaust,N,,Battery(s),,1,Lithium Ion,,266,51,218.2,On-Board,,,Electrical Regen Brake,,Front Wheels,N,,,,,1,Other,AC SYNCHRONOUS,120,,,GDPI,Spark Ignition direct & ported injection,N,Y,N,0W-16,Y,Yes,PHEV,CD-2C,Charge Depleting 2-cycle,CS-5C,Charge Sustaining 5-cycle,,,76.2,,,9,10,,RTYXV02.0P35,7,,,,,,,,,,,,,,,6250,,166,174,170,50,4,,600,97,81,89,44.5,57.7,50,All Electric Range = 0-44 miles (combined),,,0.734,0.675,0.71,,,,10.6
,,,,,,,,,,,,2024 Toyota RAV4 Prime AWD,,,,,,,,,,,,,,,,,2024 Toyota RAV4 Prime AWD,,,,,,,,,,,,,,,,2024 Toyota RAV4 Prime AWD,,,,,,,,,,,,,,,2024 Toyota RAV4 Prime AWD,,,,,,,,,,,,,,,,2024 Toyota RAV4 Prime AWD,,,,,,,,,,,,,,,,2024 Toyota RAV4 Prime AWD,,,,,,,,,,,,,,,,,2024 Toyota RAV4 Prime AWD,,,,,,,,,,,,,,,,,2024 Toyota RAV4 Prime AWD,,,,,,,,,,,,,, ,2024 Toyota RAV4 Prime AWD,,,,,,,,,,,,,,,2024 Toyota RAV4 Prime AWD,,,,,,,,,,,,2024 Toyota RAV4 Prime AWD,,,,,,
2024,Toyota,TOYOTA,RAV4 PRIME AWD,TYX,130,2.5,4,Auto(AV-S6),40,36,38,54.64,52.2459,53.536,40.1649,36,38.4425,,NA,Naturally Aspirated,SCV,Selectable Continuously Variable (e.g. CVT with paddles),,6,N,N,A,All Wheel Drive,,,555,G,Gasoline (Regular Unleaded Recommended),MPG,miles per gallon,T,Truck,,,,,,,1000,1000,32,40,36,22.6,28.2,25.12,32.34,40.255,35.9018,42,EL,Electricity,KW-HR/100Miles,kilowatt-hour per 100 miles,0,,,,,PHEV; ,2,2,31,Small SUV 4WD,,Plug-in Hybrid Label,10/18/2023,34111,,N,N,,,N,N,APPLIED TO RAV4 PRIME AWD,N,,Y,Intake and exhaust,N,,Battery(s),,1,Lithium Ion,,355,51,218.2,On-Board,,,Electrical Regen Brake,,Both,N,,,,Batteries are charged from an external power supply through the charger.,2,Other,AC Synchronous,40 and 134,,,GDPI,Spark Ignition direct & ported injection,N,Y,N,0W-16,Y,Yes,PHEV,CD-2C,Charge Depleting 2-cycle,CS-5C,Charge Sustaining 5-cycle,,,,,,9,10,,RTYXT02.5P33,7,,,,,,,,,,,,,,,4750,,219,245,231,72,4.5,,600,72,58,65,61.5,84.6,72,46.22,37.13,42,0.721,0.654,0.693,0,0,0,14.5
2024,Toyota,TOYOTA,RAV4 PRIME AWD,TYX,77,2.5,4,Auto(AV-S6),40,36,38,54.64,52.2459,53.536,40.1649,36,38.4425,,NA,Naturally Aspirated,SCV,Selectable Continuously Variable (e.g. CVT with paddles),,6,N,N,A,All Wheel Drive,,,555,G,Gasoline (Regular Unleaded Recommended),MPG,miles per gallon,T,Truck,,,,,,,1000,1000,105,84,94,149.3,119.6,134.2931,104.5381,83.6892,94.0002,42,EL,Electricity,MPG,miles per gallon,0,,,,,PHEV; ,2,2,31,Small SUV 4WD,,Plug-in Hybrid Label,10/18/2023,34111,,N,N,,,N,N,APPLIED TO RAV4 PRIME AWD,N,,Y,Intake and exhaust,N,,Battery(s),,1,Lithium Ion,,355,51,218.2,On-Board,,,Electrical Regen Brake,,Both,N,,,,Batteries are charged from an external power supply through the charger.,2,Other,AC Synchronous,40 and 134,,,GDPI,Spark Ignition direct & ported injection,N,Y,N,0W-16,Y,Yes,PHEV,CD-2C,Charge Depleting 2-cycle,CS-5C,Charge Sustaining 5-cycle,,,,,,9,10,,RTYXT02.5P33,7,,,,,,,,,,,,,,,4750,,219,245,231,72,4.5,,600,72,58,65,61.5,84.6,72,All Electric Range = 0-42 miles (combined),,,0.721,0.654,0.693,,,,14.5
,,,,,,,,,,,,2024 Volvo S60 T8 AWD Recharge,,,,,,,,,,,,,,,,,2024 Volvo S60 T8 AWD Recharge,,,,,,,,,,,,,,,,2024 Volvo S60 T8 AWD Recharge,,,,,,,,,,,,,,,2024 Volvo S60 T8 AWD Recharge,,,,,,,,,,,,,,,,2024 Volvo S60 T8 AWD Recharge,,,,,,,,,,,,,,,,2024 Volvo S60 T8 AWD Recharge,,,,,,,,,,,,,,,,,2024 Volvo S60 T8 AWD Recharge,,,,,,,,,,,,,,,,,2024 Volvo S60 T8 AWD Recharge,,,,,,,,,,,,,, ,2024 Volvo S60 T8 AWD Recharge,,,,,,,,,,,,,,,2024 Volvo S60 T8 AWD Recharge,,,,,,,,,,,,2024 Volvo S60 T8 AWD Recharge,,,,,,
2024,Volvo,"Volvo Cars of North America, LLC",S60 T8 AWD Recharge,VVX,209,2.0,4,Auto(S8),30,33,31,39,47.1,42.2713,29.5533,32.5998,30.8507,,TC,Turbocharged,SA,Semi-Automatic,,8,Y,N,A,All Wheel Drive,10,,492,GPR,Gasoline (Premium Unleaded Required),MPG,miles per gallon,N,Not exempt,,,93,12,,,1350,1350,44,44,44,30.4,30.6,30.49,43.586,44.029,43.7854,,,,,,1200,,,,,,2,2,4,Compact Cars,car,Plug-in Hybrid Label,5/15/2023,33064,,,N,,,N,N,Extended range PHEV variant.  All variants/models are AWD.,N,,Y,Timing on both intake and exhaust sides.,N,N/A,Battery(s),,1,Lithium Ion,,369,51,136.7,On-Board,,,Electrical Regen Brake,,Rear Wheels,N,,,,,2,Other,Integrated starter generator,34,,,GDI,Spark Ignition Direct Injection,N,Y,N,5W-30/ACEA a5b5,Y,Yes,Blank,CD-2C,Charge Depleting 2-cycle,CS-2C,Charge Sustaining 2-cycle,,,,,,8,10,,RVVXJ02.0P30,7,,,,,,,,,,,,,,,3000,,0,0,9,99,5,,530,50,53,52,102.6,94.6,99,40.85,39.97,40,0.684,0.677,0.681,0.1,0.1,0.1,15.9
2024,Volvo,"Volvo Cars of North America, LLC",S60 T8 AWD Recharge,VVX,209,2,4,Auto(S8),30,33,31,39,47.1,42.2713,29.5533,32.5998,30.8507,,TC,Turbocharged,SA,Semi-Automatic,,8,Y,N,A,All Wheel Drive,10,,492,GPR,Gasoline (Premium Unleaded Required),MPG,miles per gallon,N,Not exempt,,,93,12,,,1350,1350,74,73,74,110.8,110.3,110.5744,77.5276,77.2023,77.3809,40,EL,Electricity,MPG,miles per gallon,1200,0,0,0,,SIDI; PHEV; ,2,2,4,Compact Cars,car,Plug-in Hybrid Label,5/15/2023,33064,,,N,,,N,N,Extended range PHEV variant.  All variants/models are AWD.,N,,Y,Timing on both intake and exhaust sides.,N,N/A,Battery(s),,1,Lithium Ion,,369,51,136.7,On-Board,,,Electrical Regen Brake,,Rear Wheels,N,,,,,2,Other,Integrated starter generator,34,,,GDI,Spark Ignition Direct Injection,N,Y,N,5W-30/ACEA a5b5,Y,Yes,Blank,CD-2C,Charge Depleting 2-cycle,CS-2C,Charge Sustaining 2-cycle,,,42.3,,,8,10,10,RVVXJ02.0P30,7,,,,,,,,,,,,,,,3000,,298,270,9,99,5,,530,50,53,52,102.6,94.6,99,All Electric Range = 0-41 miles (combined),,,0.684,0.677,0.681,(Voluntarily added CD fuel consumption),,,15.9
,,,,,,,,,,,,2024 Volvo XC60 T8 AWD Recharge,,,,,,,,,,,,,,,,,2024 Volvo XC60 T8 AWD Recharge,,,,,,,,,,,,,,,,2024 Volvo XC60 T8 AWD Recharge,,,,,,,,,,,,,,,2024 Volvo XC60 T8 AWD Recharge,,,,,,,,,,,,,,,,2024 Volvo XC60 T8 AWD Recharge,,,,,,,,,,,,,,,,2024 Volvo XC60 T8 AWD Recharge,,,,,,,,,,,,,,,,,2024 Volvo XC60 T8 AWD Recharge,,,,,,,,,,,,,,,,,2024 Volvo XC60 T8 AWD Recharge,,,,,,,,,,,,,, ,2024 Volvo XC60 T8 AWD Recharge,,,,,,,,,,,,,,,2024 Volvo XC60 T8 AWD Recharge,,,,,,,,,,,,2024 Volvo XC60 T8 AWD Recharge,,,,,,
2024,Volvo,"Volvo Cars of North America, LLC",XC60 T8 AWD Recharge,VVX,226,2.0,4,Auto(S8),28,28,28,36.1,39.5,37.5546,27.6039,27.8062,27.6946,,TC,Turbocharged,SA,Semi-Automatic,,8,Y,N,A,All Wheel Drive,10,,521,GPR,Gasoline (Premium Unleaded Required),MPG,miles per gallon,T,Truck,,,,,,,1550,1550,49,52,50,34,37.3,35.485,48.624,52.163,50.2166,,,,,,1400,,,,,,2,2,31,Small SUV 4WD,,Plug-in Hybrid Label,5/15/2023,33067,,,N,,,N,N,Extended range PHEV variant.  All variants/models are AWD.,N,,Y,Timing on both intake and exhaust sides.,N,N/A,Battery(s),,1,Lithium Ion,,369,51,136.7,On-Board,,,Electrical Regen Brake,,Rear Wheels,N,,,,,2,Other,Integrated starter generator,34,,,GDI,Spark Ignition Direct Injection,N,Y,N,5W-30/ACEA a5b5,Y,Yes,Blank,CD-2C,Charge Depleting 2-cycle,CS-2C,Charge Sustaining 2-cycle,,,,,,8,9,,RVVXJ02.0P30,7,,,,,,,,,,,,,,,2000,,0,0,9,122,5,,560,45,42,44,118.4,127.3,122,36.61,33.83,35,0.651,0.627,0.64,0.1,0.1,0.1,18.8
2024,Volvo,"Volvo Cars of North America, LLC",XC60 T8 AWD Recharge,VVX,226,2,4,Auto(S8),28,28,28,36.1,39.5,37.5546,27.6039,27.8062,27.6946,,TC,Turbocharged,SA,Semi-Automatic,,8,Y,N,A,All Wheel Drive,10,,521,GPR,Gasoline (Premium Unleaded Required),MPG,miles per gallon,T,Truck,,,,,,,1550,1550,66,60,63,99.1,90.4,94.9864,69.3882,63.2989,66.509,36,EL,Electricity,MPG,miles per gallon,1400,0,0,0,,SIDI; PHEV; ,2,2,31,Small SUV 4WD,,Plug-in Hybrid Label,5/15/2023,33067,,,N,,,N,N,Extended range PHEV variant.  All variants/models are AWD.,N,,Y,Timing on both intake and exhaust sides.,N,N/A,Battery(s),,1,Lithium Ion,,369,51,136.7,On-Board,,,Electrical Regen Brake,,Rear Wheels,N,,,,,2,Other,Integrated starter generator,34,,,GDI,Spark Ignition Direct Injection,N,Y,N,5W-30/ACEA a5b5,Y,Yes,Blank,CD-2C,Charge Depleting 2-cycle,CS-2C,Charge Sustaining 2-cycle,,,,,,8,9,10,RVVXJ02.0P30,7,,,,,,,,,,,,,,,2000,,319,317,9,122,5,,560,45,42,44,118.4,127.3,122,All Electric Range = 0-35 miles (combined),,,0.651,0.627,0.64,(Voluntarily added CD fuel consumption),,,18.8
,,,,,,,,,,,,2024 Volvo XC90 T8 AWD Recharge,,,,,,,,,,,,,,,,,2024 Volvo XC90 T8 AWD Recharge,,,,,,,,,,,,,,,,2024 Volvo XC90 T8 AWD Recharge,,,,,,,,,,,,,,,2024 Volvo XC90 T8 AWD Recharge,,,,,,,,,,,,,,,,2024 Volvo XC90 T8 AWD Recharge,,,,,,,,,,,,,,,,2024 Volvo XC90 T8 AWD Recharge,,,,,,,,,,,,,,,,,2024 Volvo XC90 T8 AWD Recharge,,,,,,,,,,,,,,,,,2024 Volvo XC90 T8 AWD Recharge,,,,,,,,,,,,,, ,2024 Volvo XC90 T8 AWD Recharge,,,,,,,,,,,,,,,2024 Volvo XC90 T8 AWD Recharge,,,,,,,,,,,,2024 Volvo XC90 T8 AWD Recharge,,,,,,
2024,Volvo,"Volvo Cars of North America, LLC",XC90 T8 AWD Recharge,VVX,232,2.0,4,Auto(S8),26,27,27,33.7,38.7,35.7802,25.9637,27.2921,26.5451,,TC,Turbocharged,SA,Semi-Automatic,,8,Y,N,A,All Wheel Drive,10,,499,GPR,Gasoline (Premium Unleaded Required),MPG,miles per gallon,T,Truck,,,,,,,1700,1700,54,57,55,38,39.4,38.63,54.131,56.905,55.3793,,,,,,1500,,,,,,2,2,33,Standard SUV 4WD,,Plug-in Hybrid Label,5/15/2023,33068,,,N,,,N,N,Extended range PHEV variant.  All variants/models are AWD.,N,,Y,Timing on both intake and exhaust sides.,N,N/A,Battery(s),,1,Lithium Ion,,369,51,136.7,On-Board,,,Electrical Regen Brake,,Rear Wheels,N,,,,,2,Other,Integrated starter generator,34 an 107,,,GDI,Spark Ignition Direct Injection,N,Y,N,5W-30/ACEA a5b5,Y,Yes,Blank,CD-2C,Charge Depleting 2-cycle,CS-2C,Charge Sustaining 2-cycle,,,,,,7,9,,RVVXJ02.0P30,7,,,,,,,,,,,,,,,1250,,0,0,9,137,5,,530,40,40,40,132.4,131.1,132,32.37,31.95,32,0.619,0.604,0.613,0.1,0.1,0.1,18.8
2024,Volvo,"Volvo Cars of North America, LLC",XC90 T8 AWD Recharge,VVX,232,2,4,Auto(S8),26,27,27,33.7,38.7,35.7802,25.9637,27.2921,26.5451,,TC,Turbocharged,SA,Semi-Automatic,,8,Y,N,A,All Wheel Drive,10,,499,GPR,Gasoline (Premium Unleaded Required),MPG,miles per gallon,T,Truck,,,,,,,1700,1700,59,57,58,88.7,85.4,87.184,62.3598,59.8142,61.188,33,EL,Electricity,MPG,miles per gallon,1500,0,0,0,,SIDI; PHEV; ,2,2,33,Standard SUV 4WD,,Plug-in Hybrid Label,5/15/2023,33068,,,N,,,N,N,Extended range PHEV variant.  All variants/models are AWD.,N,,Y,Timing on both intake and exhaust sides.,N,N/A,Battery(s),,1,Lithium Ion,,369,51,136.7,On-Board,,,Electrical Regen Brake,,Rear Wheels,N,,,,,2,Other,3 phase synchronous electric,34 an 107,,,GDI,Spark Ignition Direct Injection,N,Y,N,5W-30/ACEA a5b5,Y,Yes,Blank,CD-2C,Charge Depleting 2-cycle,CS-2C,Charge Sustaining 2-cycle,,,,,,7,9,10,RVVXJ02.0P30,7,,,,,,,,,,,,,,,1250,,340,324,9,137,5,,530,40,40,40,132.4,131.1,132,All Electric Range = 0-32 miles (combined),,,0.619,0.604,0.613,(Voluntarily added CD fuel consumption),,,18.8
